{
  "transformer.h.0.self_attn.c_attn.weight": 0.0007901017088443041,
  "transformer.h.0.self_attn.c_proj.weight": 0.0008107781177386642,
  "transformer.h.0.mlp.w1.weight": 0.0008836467168293893,
  "transformer.h.0.mlp.w2.weight": 0.0008876951760612428,
  "transformer.h.0.ln_1.weight": 0.007874015718698502,
  "transformer.h.0.ln_2.weight": 0.007874015718698502,
  "transformer.h.1.self_attn.c_attn.weight": 0.0007951314328238368,
  "transformer.h.1.self_attn.c_proj.weight": 0.0007811029208824039,
  "transformer.h.1.mlp.w1.weight": 0.000788652861956507,
  "transformer.h.1.mlp.w2.weight": 0.0008422849932685494,
  "transformer.h.1.ln_1.weight": 0.007874015718698502,
  "transformer.h.1.ln_2.weight": 0.007874015718698502,
  "transformer.h.2.self_attn.c_attn.weight": 0.0008161928271874785,
  "transformer.h.2.self_attn.c_proj.weight": 0.0008022139663808048,
  "transformer.h.2.mlp.w1.weight": 0.0008002880495041609,
  "transformer.h.2.mlp.w2.weight": 0.0008436143398284912,
  "transformer.h.2.ln_1.weight": 0.007874015718698502,
  "transformer.h.2.ln_2.weight": 0.007874015718698502,
  "transformer.h.3.self_attn.c_attn.weight": 0.0008428244618698955,
  "transformer.h.3.self_attn.c_proj.weight": 0.0007793955155648291,
  "transformer.h.3.mlp.w1.weight": 0.0007948804995976388,
  "transformer.h.3.mlp.w2.weight": 0.0007868236280046403,
  "transformer.h.3.ln_1.weight": 0.007874015718698502,
  "transformer.h.3.ln_2.weight": 0.007874015718698502,
  "transformer.h.4.self_attn.c_attn.weight": 0.0008591225487180054,
  "transformer.h.4.self_attn.c_proj.weight": 0.0007819770835340023,
  "transformer.h.4.mlp.w1.weight": 0.0008720095502212644,
  "transformer.h.4.mlp.w2.weight": 0.0008219874580390751,
  "transformer.h.4.ln_1.weight": 0.007874015718698502,
  "transformer.h.4.ln_2.weight": 0.007874015718698502,
  "transformer.h.5.self_attn.c_attn.weight": 0.0008238155278377235,
  "transformer.h.5.self_attn.c_proj.weight": 0.0009633678128011525,
  "transformer.h.5.mlp.w1.weight": 0.0008119115955196321,
  "transformer.h.5.mlp.w2.weight": 0.0008527711615897715,
  "transformer.h.5.ln_1.weight": 0.007874015718698502,
  "transformer.h.5.ln_2.weight": 0.007874015718698502,
  "transformer.h.6.self_attn.c_attn.weight": 0.0008136177202686667,
  "transformer.h.6.self_attn.c_proj.weight": 0.0008222279720939696,
  "transformer.h.6.mlp.w1.weight": 0.0008134807576425374,
  "transformer.h.6.mlp.w2.weight": 0.0008487326558679342,
  "transformer.h.6.ln_1.weight": 0.007874015718698502,
  "transformer.h.6.ln_2.weight": 0.007874015718698502,
  "transformer.h.7.self_attn.c_attn.weight": 0.0007944065146148205,
  "transformer.h.7.self_attn.c_proj.weight": 0.0007793012191541493,
  "transformer.h.7.mlp.w1.weight": 0.0008231927058659494,
  "transformer.h.7.mlp.w2.weight": 0.0007818907615728676,
  "transformer.h.7.ln_1.weight": 0.007874015718698502,
  "transformer.h.7.ln_2.weight": 0.007874015718698502,
  "transformer.wte.weight": 0.0008958202670328319
}