{
  "transformer.h.0.self_attn.c_attn.weight": 0.000789295241702348,
  "transformer.h.0.self_attn.c_proj.weight": 0.0007852110429666936,
  "transformer.h.0.mlp.w1.weight": 0.0009199663181789219,
  "transformer.h.0.mlp.w2.weight": 0.0008691553957760334,
  "transformer.h.0.ln_1.weight": 0.007874015718698502,
  "transformer.h.0.ln_2.weight": 0.007874015718698502,
  "transformer.h.1.self_attn.c_attn.weight": 0.0008490033796988428,
  "transformer.h.1.self_attn.c_proj.weight": 0.0008044395945034921,
  "transformer.h.1.mlp.w1.weight": 0.0008558203699067235,
  "transformer.h.1.mlp.w2.weight": 0.0008444301201961935,
  "transformer.h.1.ln_1.weight": 0.007874015718698502,
  "transformer.h.1.ln_2.weight": 0.007874015718698502,
  "transformer.h.2.self_attn.c_attn.weight": 0.0008007318829186261,
  "transformer.h.2.self_attn.c_proj.weight": 0.0007745233015157282,
  "transformer.h.2.mlp.w1.weight": 0.0008249790989793837,
  "transformer.h.2.mlp.w2.weight": 0.0009133181301876903,
  "transformer.h.2.ln_1.weight": 0.007874015718698502,
  "transformer.h.2.ln_2.weight": 0.007874015718698502,
  "transformer.h.3.self_attn.c_attn.weight": 0.000822901725769043,
  "transformer.h.3.self_attn.c_proj.weight": 0.0007374879205599427,
  "transformer.h.3.mlp.w1.weight": 0.000828279706183821,
  "transformer.h.3.mlp.w2.weight": 0.0008265640935860574,
  "transformer.h.3.ln_1.weight": 0.007874015718698502,
  "transformer.h.3.ln_2.weight": 0.007874015718698502,
  "transformer.h.4.self_attn.c_attn.weight": 0.0007997336215339601,
  "transformer.h.4.self_attn.c_proj.weight": 0.0008538904367014766,
  "transformer.h.4.mlp.w1.weight": 0.00077698944369331,
  "transformer.h.4.mlp.w2.weight": 0.0008257142617367208,
  "transformer.h.4.ln_1.weight": 0.007874015718698502,
  "transformer.h.4.ln_2.weight": 0.007874015718698502,
  "transformer.h.5.self_attn.c_attn.weight": 0.0008586002513766289,
  "transformer.h.5.self_attn.c_proj.weight": 0.0007560689118690789,
  "transformer.h.5.mlp.w1.weight": 0.000805320858489722,
  "transformer.h.5.mlp.w2.weight": 0.0007897173636592925,
  "transformer.h.5.ln_1.weight": 0.007874015718698502,
  "transformer.h.5.ln_2.weight": 0.007874015718698502,
  "transformer.h.6.self_attn.c_attn.weight": 0.0007815071730874479,
  "transformer.h.6.self_attn.c_proj.weight": 0.0008133026422001421,
  "transformer.h.6.mlp.w1.weight": 0.0008373649325221777,
  "transformer.h.6.mlp.w2.weight": 0.0008649543742649257,
  "transformer.h.6.ln_1.weight": 0.007874015718698502,
  "transformer.h.6.ln_2.weight": 0.007874015718698502,
  "transformer.h.7.self_attn.c_attn.weight": 0.0008667954825796187,
  "transformer.h.7.self_attn.c_proj.weight": 0.0007723444141447544,
  "transformer.h.7.mlp.w1.weight": 0.000760181515943259,
  "transformer.h.7.mlp.w2.weight": 0.0008413515170104802,
  "transformer.h.7.ln_1.weight": 0.007874015718698502,
  "transformer.h.7.ln_2.weight": 0.007874015718698502,
  "transformer.wte.weight": 0.0008703338680788875
}