{
  "transformer.h.0.self_attn.c_attn.weight": 0.0007818706799298525,
  "transformer.h.0.self_attn.c_proj.weight": 0.0007681420538574457,
  "transformer.h.0.mlp.w1.weight": 0.0009058794239535928,
  "transformer.h.0.mlp.w2.weight": 0.0008566660690121353,
  "transformer.h.0.ln_1.weight": 0.007874015718698502,
  "transformer.h.0.ln_2.weight": 0.007874015718698502,
  "transformer.h.1.self_attn.c_attn.weight": 0.0008462137775495648,
  "transformer.h.1.self_attn.c_proj.weight": 0.00074135756585747,
  "transformer.h.1.mlp.w1.weight": 0.0008333452278748155,
  "transformer.h.1.mlp.w2.weight": 0.0008219426381401718,
  "transformer.h.1.ln_1.weight": 0.007874015718698502,
  "transformer.h.1.ln_2.weight": 0.007874015718698502,
  "transformer.h.2.self_attn.c_attn.weight": 0.0007746160845272243,
  "transformer.h.2.self_attn.c_proj.weight": 0.0007996828644536436,
  "transformer.h.2.mlp.w1.weight": 0.0007934177410788834,
  "transformer.h.2.mlp.w2.weight": 0.0008055772632360458,
  "transformer.h.2.ln_1.weight": 0.007874015718698502,
  "transformer.h.2.ln_2.weight": 0.007874015718698502,
  "transformer.h.3.self_attn.c_attn.weight": 0.0008056340157054365,
  "transformer.h.3.self_attn.c_proj.weight": 0.000751309737097472,
  "transformer.h.3.mlp.w1.weight": 0.0008735096780583262,
  "transformer.h.3.mlp.w2.weight": 0.0008482241537421942,
  "transformer.h.3.ln_1.weight": 0.007874015718698502,
  "transformer.h.3.ln_2.weight": 0.007874015718698502,
  "transformer.h.4.self_attn.c_attn.weight": 0.0008349217823706567,
  "transformer.h.4.self_attn.c_proj.weight": 0.0007366306381300092,
  "transformer.h.4.mlp.w1.weight": 0.0007812392432242632,
  "transformer.h.4.mlp.w2.weight": 0.0008659010636620224,
  "transformer.h.4.ln_1.weight": 0.007874015718698502,
  "transformer.h.4.ln_2.weight": 0.007874015718698502,
  "transformer.h.5.self_attn.c_attn.weight": 0.0008289727265946567,
  "transformer.h.5.self_attn.c_proj.weight": 0.000894158729352057,
  "transformer.h.5.mlp.w1.weight": 0.000872878183145076,
  "transformer.h.5.mlp.w2.weight": 0.0008452461916022003,
  "transformer.h.5.ln_1.weight": 0.007874015718698502,
  "transformer.h.5.ln_2.weight": 0.007874015718698502,
  "transformer.h.6.self_attn.c_attn.weight": 0.000853470410220325,
  "transformer.h.6.self_attn.c_proj.weight": 0.0007602102705277503,
  "transformer.h.6.mlp.w1.weight": 0.0008200041484087706,
  "transformer.h.6.mlp.w2.weight": 0.0008734720759093761,
  "transformer.h.6.ln_1.weight": 0.007874015718698502,
  "transformer.h.6.ln_2.weight": 0.007874015718698502,
  "transformer.h.7.self_attn.c_attn.weight": 0.0008148683700710535,
  "transformer.h.7.self_attn.c_proj.weight": 0.0007575669442303479,
  "transformer.h.7.mlp.w1.weight": 0.0008735907613299787,
  "transformer.h.7.mlp.w2.weight": 0.0007794346893206239,
  "transformer.h.7.ln_1.weight": 0.007874015718698502,
  "transformer.h.7.ln_2.weight": 0.007874015718698502,
  "transformer.wte.weight": 0.0009329213644377887
}