{
  "transformer.h.0.self_attn.c_attn.weight": 0.0007398076704703271,
  "transformer.h.0.self_attn.c_proj.weight": 0.0007713819504715502,
  "transformer.h.0.mlp.w1.weight": 0.0007895254530012608,
  "transformer.h.0.mlp.w2.weight": 0.0007986375130712986,
  "transformer.h.0.ln_1.weight": 0.007874015718698502,
  "transformer.h.0.ln_2.weight": 0.007874015718698502,
  "transformer.h.1.self_attn.c_attn.weight": 0.0008387629641219974,
  "transformer.h.1.self_attn.c_proj.weight": 0.0007534704636782408,
  "transformer.h.1.mlp.w1.weight": 0.0008591134683229029,
  "transformer.h.1.mlp.w2.weight": 0.0008313217549584806,
  "transformer.h.1.ln_1.weight": 0.007874015718698502,
  "transformer.h.1.ln_2.weight": 0.007874015718698502,
  "transformer.h.2.self_attn.c_attn.weight": 0.0008313435828313231,
  "transformer.h.2.self_attn.c_proj.weight": 0.000806519528850913,
  "transformer.h.2.mlp.w1.weight": 0.0008040139800868928,
  "transformer.h.2.mlp.w2.weight": 0.0007658600807189941,
  "transformer.h.2.ln_1.weight": 0.007874015718698502,
  "transformer.h.2.ln_2.weight": 0.007874015718698502,
  "transformer.h.3.self_attn.c_attn.weight": 0.0008254217682406306,
  "transformer.h.3.self_attn.c_proj.weight": 0.0007824915228411555,
  "transformer.h.3.mlp.w1.weight": 0.0008273288840427995,
  "transformer.h.3.mlp.w2.weight": 0.0008584579918533564,
  "transformer.h.3.ln_1.weight": 0.007874015718698502,
  "transformer.h.3.ln_2.weight": 0.007874015718698502,
  "transformer.h.4.self_attn.c_attn.weight": 0.0007759848376736045,
  "transformer.h.4.self_attn.c_proj.weight": 0.0007852288545109332,
  "transformer.h.4.mlp.w1.weight": 0.0008062903652898967,
  "transformer.h.4.mlp.w2.weight": 0.0008225088240578771,
  "transformer.h.4.ln_1.weight": 0.007874015718698502,
  "transformer.h.4.ln_2.weight": 0.007874015718698502,
  "transformer.h.5.self_attn.c_attn.weight": 0.0007753424579277635,
  "transformer.h.5.self_attn.c_proj.weight": 0.0007782481261529028,
  "transformer.h.5.mlp.w1.weight": 0.0008012696052901447,
  "transformer.h.5.mlp.w2.weight": 0.0008402705425396562,
  "transformer.h.5.ln_1.weight": 0.007874015718698502,
  "transformer.h.5.ln_2.weight": 0.007874015718698502,
  "transformer.h.6.self_attn.c_attn.weight": 0.0007740011205896735,
  "transformer.h.6.self_attn.c_proj.weight": 0.0008178569842129946,
  "transformer.h.6.mlp.w1.weight": 0.0008443625993095338,
  "transformer.h.6.mlp.w2.weight": 0.0008665918721817434,
  "transformer.h.6.ln_1.weight": 0.007874015718698502,
  "transformer.h.6.ln_2.weight": 0.007874015718698502,
  "transformer.h.7.self_attn.c_attn.weight": 0.0008628207142464817,
  "transformer.h.7.self_attn.c_proj.weight": 0.0007880099583417177,
  "transformer.h.7.mlp.w1.weight": 0.0008004197734408081,
  "transformer.h.7.mlp.w2.weight": 0.0008238095324486494,
  "transformer.h.7.ln_1.weight": 0.007874015718698502,
  "transformer.h.7.ln_2.weight": 0.007874015718698502,
  "transformer.wte.weight": 0.000857037550304085
}