{
  "transformer.h.0.self_attn.c_attn.weight": 0.0008495791698805988,
  "transformer.h.0.self_attn.c_proj.weight": 0.0008039603126235306,
  "transformer.h.0.mlp.w1.weight": 0.0008616427076049149,
  "transformer.h.0.mlp.w2.weight": 0.0008347555412910879,
  "transformer.h.0.ln_1.weight": 0.007874015718698502,
  "transformer.h.0.ln_2.weight": 0.007874015718698502,
  "transformer.h.1.self_attn.c_attn.weight": 0.0008026154828257859,
  "transformer.h.1.self_attn.c_proj.weight": 0.000790927151683718,
  "transformer.h.1.mlp.w1.weight": 0.0008491967455483973,
  "transformer.h.1.mlp.w2.weight": 0.0008469368331134319,
  "transformer.h.1.ln_1.weight": 0.007874015718698502,
  "transformer.h.1.ln_2.weight": 0.007874015718698502,
  "transformer.h.2.self_attn.c_attn.weight": 0.000783567491453141,
  "transformer.h.2.self_attn.c_proj.weight": 0.0008010835153982043,
  "transformer.h.2.mlp.w1.weight": 0.0008530615596100688,
  "transformer.h.2.mlp.w2.weight": 0.0008756510214880109,
  "transformer.h.2.ln_1.weight": 0.007874015718698502,
  "transformer.h.2.ln_2.weight": 0.007874015718698502,
  "transformer.h.3.self_attn.c_attn.weight": 0.0009336620569229126,
  "transformer.h.3.self_attn.c_proj.weight": 0.0009112762636505067,
  "transformer.h.3.mlp.w1.weight": 0.0007802058244124055,
  "transformer.h.3.mlp.w2.weight": 0.000804401352070272,
  "transformer.h.3.ln_1.weight": 0.007874015718698502,
  "transformer.h.3.ln_2.weight": 0.007874015718698502,
  "transformer.h.4.self_attn.c_attn.weight": 0.00079045828897506,
  "transformer.h.4.self_attn.c_proj.weight": 0.0007888625259511173,
  "transformer.h.4.mlp.w1.weight": 0.000843718065880239,
  "transformer.h.4.mlp.w2.weight": 0.0007889052503742278,
  "transformer.h.4.ln_1.weight": 0.007874015718698502,
  "transformer.h.4.ln_2.weight": 0.007874015718698502,
  "transformer.h.5.self_attn.c_attn.weight": 0.0008385301334783435,
  "transformer.h.5.self_attn.c_proj.weight": 0.0007720317225903273,
  "transformer.h.5.mlp.w1.weight": 0.0008454376365989447,
  "transformer.h.5.mlp.w2.weight": 0.0008269570535048842,
  "transformer.h.5.ln_1.weight": 0.007874015718698502,
  "transformer.h.5.ln_2.weight": 0.007874015718698502,
  "transformer.h.6.self_attn.c_attn.weight": 0.0008028585580177605,
  "transformer.h.6.self_attn.c_proj.weight": 0.0007678946130909026,
  "transformer.h.6.mlp.w1.weight": 0.0007990874582901597,
  "transformer.h.6.mlp.w2.weight": 0.0008075683726929128,
  "transformer.h.6.ln_1.weight": 0.007874015718698502,
  "transformer.h.6.ln_2.weight": 0.007874015718698502,
  "transformer.h.7.self_attn.c_attn.weight": 0.0008047246956266463,
  "transformer.h.7.self_attn.c_proj.weight": 0.0008611329249106348,
  "transformer.h.7.mlp.w1.weight": 0.0008037255029194057,
  "transformer.h.7.mlp.w2.weight": 0.000815447885543108,
  "transformer.h.7.ln_1.weight": 0.007874015718698502,
  "transformer.h.7.ln_2.weight": 0.007874015718698502,
  "transformer.wte.weight": 0.0008921121479943395
}